1_x,1_y,2_x,2_y,3_x,3_y,4_x,4_y,target
77,126,148,176,164,216,165,154,Positive
79,149,155,177,172,215,166,164,Positive
83,170,163,178,70,144,149,177,Positive
88,190,170,177,70,166,157,179,Positive
99,208,177,175,72,187,165,180,Positive
115,221,109,137,75,208,172,179,Positive
132,232,119,133,82,228,180,178,Positive
148,241,130,133,96,245,107,138,Positive
165,244,140,139,116,258,118,132,Positive
182,241,129,142,139,268,130,132,Positive
198,230,118,142,162,272,140,141,Positive
215,218,185,139,184,270,129,144,Positive
231,204,195,133,204,260,117,143,Positive
241,185,206,133,220,247,185,141,Positive
246,164,216,138,234,231,194,131,Positive
249,143,206,141,243,213,206,131,Positive
251,120,195,142,248,192,216,137,Positive
87,126,128,206,251,171,208,143,Positive
98,118,141,202,252,150,195,144,Positive
115,117,155,198,93,122,132,202,Positive
131,120,162,200,103,110,144,197,Positive
146,125,170,198,118,103,157,194,Positive
177,125,184,202,135,102,165,195,Positive
193,120,197,206,150,107,172,194,Positive
209,117,185,223,182,107,185,199,Positive
226,118,171,228,196,101,197,204,Positive
239,125,163,229,211,102,186,223,Positive
162,140,154,228,225,109,173,230,Positive
162,154,141,223,234,121,164,231,Positive
163,168,133,207,166,128,156,230,Positive
163,181,155,203,166,136,143,222,Positive
145,186,163,204,165,144,137,203,Positive
154,188,171,202,165,153,157,199,Positive
164,190,72,146,147,171,164,199,Positive
173,187,74,170,156,172,172,199,Positive
182,186,78,192,164,173,68,151,Positive
106,136,83,213,172,173,70,176,Positive
117,133,91,233,179,172,73,200,Positive
129,133,104,250,111,138,78,222,Positive
139,142,121,262,121,134,86,243,Positive
128,142,138,271,130,134,99,261,Positive
115,141,159,274,139,138,118,274,Positive
186,142,180,270,130,140,138,282,Positive
195,134,199,261,120,140,161,286,Positive
208,133,217,248,187,138,184,282,Positive
219,136,231,231,196,134,206,274,Positive
209,141,239,211,205,135,226,259,Positive
197,142,244,190,214,139,240,240,Positive
127,198,247,168,205,140,250,217,Positive
141,200,250,145,196,140,255,195,Positive
156,199,87,128,129,207,259,172,Positive
165,201,97,114,142,195,260,146,Positive
173,199,112,105,155,187,88,123,Positive
188,200,130,103,162,189,99,112,Positive
203,197,148,106,169,188,114,106,Positive
189,216,178,105,181,197,131,106,Positive
174,225,195,102,193,209,145,111,Positive
164,226,212,104,181,220,171,111,Positive
155,226,226,112,169,222,187,105,Positive
140,218,235,127,161,222,206,105,Positive
133,201,163,131,154,221,223,110,Positive
156,202,163,142,141,218,236,122,Positive
165,203,163,152,135,206,160,131,Positive
173,202,163,162,154,196,160,142,Positive
87,135,147,180,161,196,160,153,Positive
88,155,155,181,169,197,160,165,Positive
90,175,162,182,83,141,148,184,Positive
93,194,170,181,85,161,154,185,Positive
100,211,177,180,88,180,162,186,Positive
114,226,108,139,94,199,170,185,Positive
132,237,118,131,102,216,178,184,Positive
149,248,130,131,116,229,107,139,Positive
167,253,140,140,133,241,118,135,Positive
188,251,130,143,149,251,128,135,Positive
209,243,117,143,164,255,139,140,Positive
230,233,185,139,180,252,128,141,Positive
245,217,195,131,196,241,118,140,Positive
255,198,207,131,213,229,185,140,Positive
261,177,216,139,229,215,195,135,Positive
265,155,207,144,238,197,205,134,Positive
268,132,195,143,242,176,216,138,Positive
91,122,131,212,247,155,206,140,Positive
99,111,143,204,249,133,196,141,Positive
113,109,155,199,91,125,128,219,Positive
128,111,162,201,101,116,141,211,Positive
142,115,169,199,116,111,154,206,Positive
172,115,180,205,133,112,163,207,Positive
189,110,191,213,149,117,171,206,Positive
207,108,180,225,176,116,184,211,Positive
224,112,169,229,191,111,199,220,Positive
238,122,161,230,208,110,185,235,Positive
157,135,153,229,223,115,171,241,Positive
157,146,142,225,235,124,162,242,Positive
156,157,137,211,163,135,152,241,Positive
154,169,154,205,163,144,140,236,Positive
144,181,162,206,163,152,133,220,Positive
150,183,169,206,163,162,154,211,Positive
157,184,57,135,146,176,163,211,Positive
165,183,60,160,154,177,171,211,Positive
173,182,65,183,163,179,63,137,Positive
110,137,71,206,172,177,67,161,Positive
119,132,81,227,180,176,72,184,Positive
130,132,96,245,108,138,80,207,Positive
138,141,118,258,119,134,92,228,Positive
129,143,140,268,130,133,108,247,Positive
118,142,163,271,140,140,130,261,Positive
184,141,185,266,129,142,152,271,Positive
194,132,204,253,118,142,173,274,Positive
205,132,221,238,185,141,191,268,Positive
216,138,235,221,194,134,207,254,Positive
206,142,243,201,206,134,222,238,Positive
195,143,247,179,216,138,233,220,Positive
131,204,250,158,207,141,238,200,Positive
141,203,253,136,195,142,240,178,Positive
151,201,85,125,131,203,241,156,Positive
158,203,99,115,143,197,241,134,Positive
166,201,117,111,155,193,85,125,Positive
180,204,136,111,164,194,98,114,Positive
198,206,153,116,171,192,115,110,Positive
182,218,179,117,185,197,132,112,Positive
168,223,194,112,198,203,149,116,Positive
160,223,210,112,186,219,182,116,Positive
152,222,226,116,173,226,196,113,Positive
142,215,237,126,164,228,209,111,Positive
136,205,166,136,155,227,223,113,Positive
151,206,167,149,143,220,232,123,Positive
158,207,167,162,136,204,167,136,Positive
166,206,168,175,155,199,169,149,Positive
56,154,147,185,164,200,171,162,Positive
59,177,157,188,172,199,173,175,Positive
63,200,166,190,75,148,154,189,Positive
70,221,175,188,75,169,163,190,Positive
82,239,184,185,77,190,172,191,Positive
100,251,107,138,81,211,179,189,Positive
123,257,118,131,90,230,186,188,Positive
146,260,130,131,105,246,108,139,Positive
166,258,140,141,124,258,119,134,Positive
183,254,129,142,142,267,130,133,Positive
197,246,117,142,161,270,140,140,Positive
211,237,186,141,180,265,130,142,Positive
222,225,195,132,197,254,119,142,Positive
229,210,206,132,215,239,187,140,Positive
233,193,217,139,228,223,195,134,Positive
233,174,207,142,235,203,205,134,Positive
231,157,196,143,237,183,214,139,Positive
81,130,124,212,238,164,206,141,Positive
94,115,140,207,236,145,196,141,Positive
113,105,156,205,90,124,131,216,Positive
135,102,165,206,99,110,146,209,Positive
155,106,174,204,114,103,162,205,Positive
183,107,188,206,131,103,172,207,Positive
197,105,201,211,147,108,181,205,Positive
211,107,188,224,179,109,195,209,Positive
223,114,175,231,193,105,206,215,Positive
228,127,165,232,208,105,196,231,Positive
169,132,155,231,221,111,183,239,Positive
171,142,139,225,228,125,173,241,Positive
173,152,130,213,164,132,163,240,Positive
175,162,155,210,165,140,147,232,Positive
152,180,165,210,166,148,138,217,Positive
162,182,174,210,168,157,162,213,Positive
172,184,73,135,151,179,172,214,Positive
180,181,75,157,159,179,181,213,Positive
188,179,78,179,167,179,62,151,Positive
104,140,82,200,174,179,66,175,Positive
116,133,89,221,181,178,71,198,Positive
128,132,104,237,109,139,77,221,Positive
139,139,122,249,118,131,86,242,Positive
128,142,142,258,130,131,100,259,Positive
116,142,163,261,139,140,119,273,Positive
185,140,183,258,129,143,141,282,Positive
195,133,202,248,118,142,162,286,Positive
205,134,220,235,186,141,181,280,Positive
213,140,233,219,195,131,200,266,Positive
205,142,240,197,206,131,218,251,Positive
195,142,242,174,213,139,231,234,Positive
135,214,244,152,206,143,238,214,Positive
152,207,245,131,195,143,242,193,Positive
165,202,91,114,132,213,246,172,Positive
173,203,103,106,146,205,248,150,Positive
180,201,118,103,159,200,86,128,Positive
188,205,133,105,166,202,97,115,Positive
197,212,148,111,173,200,113,108,Positive
188,215,175,111,184,205,132,107,Positive
180,217,190,105,195,212,149,111,Positive
173,218,206,103,183,221,180,111,Positive
164,218,220,107,173,224,195,107,Positive
152,217,230,116,165,225,212,108,Positive
141,213,162,137,157,225,226,114,Positive
165,208,163,149,146,221,235,127,Positive
172,208,163,161,138,212,164,131,Positive
179,207,164,173,159,206,165,141,Positive
67,149,146,187,166,207,166,150,Positive
69,173,154,189,173,206,167,160,Positive
73,196,163,190,66,121,152,180,Positive
81,219,172,188,68,145,159,181,Positive
94,238,180,186,72,167,166,181,Positive
110,254,108,137,77,190,173,180,Positive
127,266,118,130,86,212,179,179,Positive
147,277,131,130,101,229,109,139,Positive
167,278,140,142,121,243,120,134,Positive
185,274,129,145,141,255,130,133,Positive
202,263,116,144,160,259,139,140,Positive
216,249,183,142,181,256,129,140,Positive
228,232,193,130,202,244,119,140,Positive
234,212,206,129,225,231,187,140,Positive
235,191,216,137,242,213,196,134,Positive
234,171,208,144,251,191,206,134,Positive
233,150,195,145,258,167,215,139,Positive
88,124,127,210,263,143,206,139,Positive
98,112,144,208,266,117,196,140,Positive
114,104,156,206,84,121,127,220,Positive
132,103,163,208,96,112,140,209,Positive
149,107,169,206,112,112,156,202,Positive
181,109,181,208,127,115,165,203,Positive
194,104,196,209,142,120,174,201,Positive
207,105,182,217,179,119,187,206,Positive
219,110,170,219,195,113,196,216,Positive
226,121,163,219,211,111,187,237,Positive
166,133,156,219,227,113,175,248,Positive
166,147,144,217,240,121,165,250,Positive
167,160,132,210,160,139,155,250,Positive
168,174,156,212,160,152,140,243,Positive
147,183,163,213,160,166,132,220,Positive
157,186,169,212,160,179,156,208,Positive
167,189,67,134,145,187,165,208,Positive
177,186,70,160,152,189,174,206,Positive
185,182,75,185,161,191,59,143,Positive
107,139,81,209,170,189,62,166,Positive
118,134,90,231,178,188,65,189,Positive
129,134,105,249,107,136,70,211,Positive
140,140,124,265,118,130,80,231,Positive
129,141,144,277,130,131,97,246,Positive
118,141,163,281,140,142,119,256,Positive
186,139,181,276,129,143,142,264,Positive
196,134,197,261,116,142,165,268,Positive
205,134,213,245,184,143,188,265,Positive
214,140,226,227,194,131,208,258,Positive
206,140,233,206,206,130,228,248,Positive
196,140,236,183,217,137,242,233,Positive
131,214,241,160,208,143,249,213,Positive
144,202,243,137,195,144,252,190,Positive
158,197,87,118,126,204,253,168,Positive
168,198,99,108,141,206,254,146,Positive
178,196,116,104,154,204,83,125,Positive
192,201,132,106,161,206,95,113,Positive
200,213,148,112,169,205,111,107,Positive
193,232,181,114,184,206,130,106,Positive
181,242,194,108,200,206,148,110,Positive
170,244,209,107,184,220,177,110,Positive
159,243,223,109,170,226,194,106,Positive
145,234,233,120,161,227,213,107,Positive
136,214,165,136,153,225,229,113,Positive
158,203,165,148,141,218,239,125,Positive
168,203,166,160,132,206,163,134,Positive
179,202,166,172,154,208,164,145,Positive
84,135,147,187,161,209,165,155,Positive
84,156,156,188,169,208,166,166,Positive
84,178,165,190,75,137,149,185,Positive
88,200,174,188,76,163,157,185,Positive
98,218,182,186,80,187,165,186,Positive
111,233,108,137,85,212,173,185,Positive
127,245,119,130,93,235,180,184,Positive
142,255,131,131,106,256,108,138,Positive
158,259,142,142,123,273,118,131,Positive
176,257,130,144,141,287,131,131,Positive
194,247,117,143,162,292,140,141,Positive
211,236,184,142,183,288,130,143,Positive
227,220,194,131,203,274,117,142,Positive
238,201,206,131,220,256,184,140,Positive
245,179,215,138,233,234,194,131,Positive
251,155,207,143,241,210,206,131,Positive
255,131,195,143,247,185,217,138,Positive
96,125,127,217,252,161,208,142,Positive
104,114,140,211,254,135,195,143,Positive
118,109,156,207,91,125,128,215,Positive
134,110,165,208,102,114,143,210,Positive
149,115,173,206,117,110,157,206,Positive
179,115,186,210,134,112,164,208,Positive
194,109,196,218,149,118,172,206,Positive
209,108,187,241,174,119,184,210,Positive
225,112,175,253,189,113,196,215,Positive
235,122,165,255,206,111,184,223,Positive
162,135,155,254,222,115,172,226,Positive
161,150,140,243,233,126,164,226,Positive
160,164,133,219,162,137,156,226,Positive
159,178,156,213,162,149,143,224,Positive
143,185,165,214,163,162,134,214,Positive
151,188,173,213,163,175,157,210,Positive
161,191,50,137,147,191,164,211,Positive
170,189,54,161,155,193,172,210,Positive
178,186,59,184,163,195,73,134,Positive
112,137,67,206,171,193,75,156,Positive
122,132,79,226,179,191,77,177,Positive
132,133,98,242,110,138,79,199,Positive
141,140,122,253,119,131,87,219,Positive
131,142,144,262,130,132,103,233,Positive
120,141,164,263,139,141,123,244,Positive
186,140,182,257,129,142,141,253,Positive
195,133,199,244,118,141,159,257,Positive
206,133,217,232,186,141,177,253,Positive
215,138,230,217,195,132,196,243,Positive
206,141,237,198,206,132,216,234,Positive
195,142,239,179,215,139,234,222,Positive
132,209,238,159,207,142,245,203,Positive
143,207,237,140,195,142,250,181,Positive
153,205,81,126,130,226,253,158,Positive
160,207,96,115,142,218,255,136,Positive
168,205,115,109,155,213,90,124,Positive
180,207,135,108,162,215,102,116,Positive
194,209,155,113,170,213,118,115,Positive
180,220,182,116,183,217,134,118,Positive
169,224,196,111,193,227,149,123,Positive
160,225,210,111,183,245,175,122,Positive
152,224,223,115,170,253,190,118,Positive
142,220,231,126,162,255,206,117,Positive
137,210,169,135,153,253,222,118,Positive
152,209,171,147,141,245,236,124,Positive
160,209,173,158,136,227,162,136,Positive
168,209,176,170,155,220,161,145,Positive
73,140,153,183,162,220,161,154,Positive
74,160,163,184,170,220,160,163,Positive
77,178,173,186,73,149,144,177,Positive
83,198,180,184,74,170,152,178,Positive
93,215,187,182,76,189,160,179,Positive
108,231,107,138,81,210,168,178,Positive
127,243,118,132,90,229,175,177,Positive
147,251,130,132,103,246,108,137,Positive
167,253,140,140,121,258,119,133,Positive
184,248,130,142,142,267,130,133,Positive
201,236,117,142,165,270,139,141,Positive
216,224,185,141,187,266,129,142,Positive
227,209,194,132,208,258,117,141,Positive
233,192,205,132,226,245,186,141,Positive
235,174,214,138,239,228,195,133,Positive
235,157,206,142,248,210,205,133,Positive
234,140,195,142,252,189,216,137,Positive
91,120,129,207,253,169,207,141,Positive
104,109,146,205,253,149,196,142,Positive
121,105,163,202,89,124,125,203,Positive
138,106,171,204,100,112,138,197,Positive
153,112,179,202,115,105,152,193,Positive
179,112,189,203,133,104,159,195,Positive
192,106,197,205,150,110,166,194,Positive
207,105,189,224,173,111,179,198,Positive
221,110,178,233,190,105,192,203,Positive
228,121,170,235,208,106,178,220,Positive
166,132,161,235,224,113,166,226,Positive
166,142,144,227,235,125,157,227,Positive
167,152,134,208,162,128,149,226,Positive
167,163,163,206,162,135,136,219,Positive
149,177,171,207,162,141,130,203,Positive
158,179,178,205,162,149,151,199,Positive
167,181,69,131,149,173,159,200,Positive
175,179,72,155,156,174,166,199,Positive
182,177,76,177,163,174,69,156,Positive
110,138,81,199,170,174,70,178,Positive
120,133,92,218,177,173,74,200,Positive
130,133,107,233,108,139,80,223,Positive
140,140,126,243,118,130,92,243,Positive
129,141,144,253,129,130,107,261,Positive
119,140,163,255,139,140,124,278,Positive
186,139,180,253,129,143,143,289,Positive
195,133,196,242,117,143,162,294,Positive
204,133,212,230,185,141,182,289,Positive
214,137,223,214,194,131,200,277,Positive
206,140,231,195,206,131,215,259,Positive
196,140,235,174,216,139,228,240,Positive
128,201,241,152,207,143,239,220,Positive
145,200,245,129,196,143,245,199,Positive
159,198,87,129,134,211,248,176,Positive
166,200,98,118,147,201,248,154,Positive
174,199,114,114,157,195,85,125,Positive
185,200,132,114,163,196,96,111,Positive
197,200,149,119,169,195,112,103,Positive
185,211,180,120,181,201,130,102,Positive
175,215,196,116,194,210,147,107,Positive
167,216,212,115,181,220,180,107,Positive
159,216,226,117,170,222,195,101,Positive
145,212,236,127,163,223,212,102,Positive
132,201,165,138,157,222,227,109,Positive
159,202,165,155,147,220,235,122,Positive
167,203,165,171,139,209,164,129,Positive
174,202,165,187,157,201,164,137,Positive
79,140,148,187,163,201,164,144,Positive
80,161,156,191,169,201,164,153,Positive
82,180,165,194,82,136,146,176,Positive
85,198,174,190,82,160,154,177,Positive
94,214,182,186,85,183,164,178,Positive
107,229,109,138,90,204,173,177,Positive
122,240,118,132,100,224,181,176,Positive
139,249,130,133,113,241,106,139,Positive
159,252,140,141,127,257,117,131,Positive
179,249,129,143,140,270,130,131,Positive
195,240,117,143,155,275,141,140,Positive
209,228,187,141,171,271,129,142,Positive
222,215,196,133,187,259,116,142,Positive
231,199,207,132,203,244,183,140,Positive
236,182,216,137,218,227,194,131,Positive
239,164,208,143,229,208,206,131,Positive
242,145,197,143,238,187,217,138,Positive
91,125,136,205,246,164,208,142,Positive
103,115,147,202,252,138,195,142,Positive
117,109,158,201,93,122,130,219,Positive
134,109,165,202,101,110,140,204,Positive
150,114,173,201,115,104,155,196,Positive
178,115,183,201,131,103,163,197,Positive
193,110,194,204,147,107,172,196,Positive
210,111,184,214,179,109,186,204,Positive
224,116,175,218,194,105,197,220,Positive
233,128,166,219,211,105,187,245,Positive
164,133,157,218,226,111,173,257,Positive
164,146,147,213,235,123,163,258,Positive
164,159,141,205,162,134,153,257,Positive
163,172,157,205,160,149,139,246,Positive
142,176,165,207,159,163,134,219,Positive
152,180,173,205,157,178,155,204,Positive
162,184,83,143,142,185,163,204,Positive
172,181,86,164,150,189,172,204,Positive
181,177,89,184,159,192,75,144,Positive
108,139,92,204,168,189,78,166,Positive
118,136,99,222,176,186,82,186,Positive
128,135,112,237,109,139,87,206,Positive
138,139,128,249,119,130,96,225,Positive
128,139,143,260,131,131,109,240,Positive
117,140,159,265,140,140,127,251,Positive
185,139,177,263,130,143,147,258,Positive
196,135,194,253,117,143,167,261,Positive
207,135,212,242,185,140,186,257,Positive
216,139,226,226,194,130,202,247,Positive
206,140,235,207,206,131,216,234,Positive
196,140,240,186,216,138,227,219,Positive
124,196,244,165,207,143,234,201,Positive
137,190,246,143,195,143,238,182,Positive
150,188,90,129,133,215,241,163,Positive
160,190,99,117,140,210,244,142,Positive
169,188,115,112,151,208,90,125,Positive
181,191,132,113,159,209,102,114,Positive
193,196,149,117,167,208,117,109,Positive
181,209,175,118,180,211,134,109,Positive
169,215,192,114,193,216,150,112,Positive
159,215,209,113,181,240,180,111,Positive
149,215,225,118,169,250,194,108,Positive
136,209,235,129,159,251,210,109,Positive
128,197,162,134,150,250,224,114,Positive
150,195,162,145,140,240,233,126,Positive
160,197,162,157,138,216,164,132,Positive
169,196,162,169,151,212,165,142,Positive
57,133,147,181,158,213,166,151,Positive
59,156,154,183,167,212,166,161,Positive
63,178,162,184,37,151,148,175,Positive
70,200,170,183,42,179,157,176,Positive
80,220,178,182,48,205,165,177,Positive
96,235,110,139,57,230,174,176,Positive
117,246,119,132,72,253,181,175,Positive
138,256,130,132,92,270,108,138,Positive
156,260,140,140,116,283,119,134,Positive
172,255,129,141,142,293,128,134,Positive
189,243,119,141,165,297,139,140,Positive
208,231,186,140,185,290,128,140,Positive
222,216,195,132,202,277,118,140,Positive
230,198,206,132,216,260,187,139,Positive
234,178,216,138,227,240,197,134,Positive
238,157,207,141,232,217,206,134,Positive
242,135,196,142,234,194,216,139,Positive
83,123,130,208,235,172,207,140,Positive
98,113,142,204,234,149,197,140,Positive
116,109,154,201,80,127,128,200,Positive
134,111,161,202,93,112,141,192,Positive
151,118,168,201,112,101,156,189,Positive
185,119,180,204,133,98,166,191,Positive
198,113,193,209,153,103,176,189,Positive
213,111,179,222,182,103,190,193,Positive
227,114,167,227,196,100,202,201,Positive
236,123,159,228,212,101,191,219,Positive
168,138,151,227,224,110,177,225,Positive
168,149,141,221,229,125,166,225,Positive
168,160,136,208,169,131,155,224,Positive
169,171,154,204,171,141,141,217,Positive
150,184,161,205,173,151,133,200,Positive
158,186,168,205,176,162,156,194,Positive
166,187,61,125,154,183,166,195,Positive
173,185,64,149,163,185,176,194,Positive
180,183,70,172,173,187,82,130,Positive
107,137,77,194,180,184,84,150,Positive
118,130,86,214,187,181,88,168,Positive
131,131,100,231,107,140,92,187,Positive
141,142,120,242,119,132,101,203,Positive
129,145,142,248,132,130,114,216,Positive
116,144,161,250,142,139,131,227,Positive
185,142,180,246,131,143,147,235,Positive
194,130,198,238,118,143,164,238,Positive
206,129,215,227,185,140,182,236,Positive
215,137,227,212,195,131,199,229,Positive
208,143,233,194,207,132,217,219,Positive
195,145,237,173,215,140,230,206,Positive
128,209,241,152,207,144,239,188,Positive
143,206,245,129,195,143,243,169,Positive
156,203,85,118,132,221,247,150,Positive
164,205,99,110,149,211,249,129,Positive
171,203,116,108,165,206,90,125,Positive
180,205,132,110,172,207,100,115,Positive
190,208,148,116,178,206,114,114,Positive
179,218,180,115,188,210,130,115,Positive
170,223,194,110,195,218,145,118,Positive
162,224,209,107,187,236,175,118,Positive
155,224,224,108,178,244,191,114,Positive
142,220,235,117,171,246,208,112,Positive
133,209,165,137,163,246,224,114,Positive
156,208,165,149,149,240,236,124,Positive
163,208,165,161,137,221,160,137,Positive
170,207,166,173,165,211,160,148,Positive
75,138,149,185,172,211,160,158,Positive
78,159,157,187,178,211,160,169,Positive
83,180,165,187,73,131,146,180,Positive
90,199,172,186,76,154,153,181,Positive
101,218,179,185,79,176,160,182,Positive
117,234,107,138,83,197,168,181,Positive
134,246,118,130,92,215,176,180,Positive
151,256,130,131,106,229,109,137,Positive
167,259,140,142,124,239,119,133,Positive
182,256,129,145,143,247,130,133,Positive
197,245,116,144,160,250,139,141,Positive
211,232,185,142,178,247,129,144,Positive
225,216,193,130,195,238,117,143,Positive
234,198,206,130,214,227,185,141,Positive
239,179,215,137,229,212,194,132,Positive
242,158,208,144,238,193,205,132,Positive
242,137,195,145,242,171,216,137,Positive
88,125,130,210,245,150,207,143,Positive
98,113,145,208,247,128,195,143,Positive
115,111,157,204,88,125,134,201,Positive
131,114,164,206,99,113,145,199,Positive
147,118,170,204,117,108,155,197,Positive
178,118,180,208,135,111,160,198,Positive
193,114,192,209,151,118,166,197,Positive
209,113,181,223,176,117,176,200,Positive
224,116,170,228,192,110,188,201,Positive
234,127,163,228,210,108,176,211,Positive
163,136,156,228,227,113,166,215,Positive
163,147,144,224,236,126,160,215,Positive
164,157,135,211,163,136,153,214,Positive
164,167,157,210,163,148,144,210,Positive
148,180,164,210,163,160,139,201,Positive
156,181,170,209,164,172,154,200,Positive
164,183,69,135,146,179,160,201,Positive
172,181,72,159,154,182,166,201,Positive
180,181,77,182,163,184,76,150,Positive
109,138,83,204,171,182,79,171,Positive
118,132,94,223,179,180,83,191,Positive
130,132,109,240,109,136,86,212,Positive
139,141,125,256,119,132,95,230,Positive
129,143,141,270,130,132,108,246,Positive
117,142,159,274,141,139,125,259,Positive
186,140,177,270,130,140,143,268,Positive
195,132,193,256,118,140,162,272,Positive
206,132,208,240,185,139,180,269,Positive
216,138,221,223,195,132,196,260,Positive
207,142,233,205,206,132,212,249,Positive
196,143,240,184,216,136,225,234,Positive
131,204,245,162,207,140,235,217,Positive
144,200,250,139,195,141,242,197,Positive
159,198,86,126,130,207,248,176,Positive
166,200,97,112,143,201,252,154,Positive
175,198,115,108,155,198,92,126,Positive
189,201,133,110,162,200,101,112,Positive
201,203,151,116,169,198,116,106,Positive
190,225,177,117,180,201,133,106,Positive
176,235,195,111,189,208,149,110,Positive
167,236,213,110,178,218,177,110,Positive
158,235,230,115,169,223,193,105,Positive
144,225,239,129,160,223,210,106,Positive
136,205,164,136,152,222,225,113,Positive
159,203,164,149,142,217,235,127,Positive
166,204,164,163,136,206,162,132,Positive
174,203,164,176,154,202,160,141,Positive
79,140,146,186,162,204,159,149,Positive
79,159,154,188,169,203,158,158,Positive
82,178,163,191,73,133,145,177,Positive
85,197,172,189,74,157,152,178,Positive
91,217,179,187,77,181,159,179,Positive
103,233,107,138,81,204,167,178,Positive
120,245,117,130,90,225,174,176,Positive
140,255,130,131,104,241,110,140,Positive
161,259,140,141,122,252,118,133,Positive
184,257,129,144,140,259,129,132,Positive
206,247,116,143,160,261,138,139,Positive
227,235,185,142,178,257,129,141,Positive
241,218,194,131,196,248,118,142,Positive
248,198,207,131,214,236,186,139,Positive
251,178,217,139,229,221,195,131,Positive
254,158,208,143,239,202,205,133,Positive
255,138,195,144,243,180,215,140,Positive
92,123,125,214,246,158,205,142,Positive
101,113,138,209,249,136,195,141,Positive
115,109,154,206,88,122,133,213,Positive
130,108,162,208,98,109,141,199,Positive
144,112,171,206,115,103,153,192,Positive
176,111,185,209,133,104,160,193,Positive
192,107,197,214,149,110,168,192,Positive
208,108,186,235,179,110,181,199,Positive
223,113,172,245,195,104,192,212,Positive
233,123,162,246,212,103,182,227,Positive
161,131,152,245,228,109,170,233,Positive
161,138,137,235,237,122,161,234,Positive
160,145,130,215,163,133,153,233,Positive
160,153,153,211,163,144,141,228,Positive
146,169,162,212,162,155,137,212,Positive
153,171,171,211,162,166,153,199,Positive
161,172,72,125,144,183,160,199,Positive
169,171,76,150,153,184,168,198,Positive
177,169,81,174,162,185,69,134,Positive
112,138,86,197,170,184,73,158,Positive
120,134,95,217,179,183,79,180,Positive
129,134,110,234,108,137,85,201,Positive
138,138,129,246,118,132,96,220,Positive
129,140,147,255,130,133,110,234,Positive
120,140,164,258,139,141,127,246,Positive
187,139,180,254,128,143,143,256,Positive
195,134,196,243,117,141,159,260,Positive
205,134,213,230,186,141,174,255,Positive
214,139,226,213,195,132,190,243,Positive
205,141,233,191,206,132,207,231,Positive
196,141,237,169,216,138,221,217,Positive
131,202,241,146,207,141,230,198,Positive
141,193,244,122,196,143,234,176,Positive
153,189,86,123,127,212,238,155,Positive
161,190,98,115,142,208,239,133,Positive
169,189,115,114,154,203,88,121,Positive
182,193,131,118,162,205,101,110,Positive
194,204,145,124,170,203,118,107,Positive
183,218,182,125,181,206,135,108,Positive
170,223,196,119,194,208,152,113,Positive
161,223,210,115,181,214,180,115,Positive
153,222,224,116,170,217,194,110,Positive
141,216,234,123,161,218,209,108,Positive
136,202,165,142,153,218,224,111,Positive
153,194,165,156,141,217,233,121,Positive
161,195,166,170,132,212,166,136,Positive
169,194,167,184,153,210,166,148,Positive
78,136,150,192,162,210,167,160,Positive
80,156,158,194,170,209,167,172,Positive
83,175,166,195,75,139,150,187,Positive
87,193,173,193,78,159,158,187,Positive
96,212,180,191,82,178,165,188,Positive
110,228,107,138,87,197,172,188,Positive
126,242,117,131,97,216,179,187,Positive
142,254,129,132,111,230,108,138,Positive
160,257,138,142,129,241,118,131,Positive
178,254,128,143,145,251,130,131,Positive
196,242,116,142,161,256,140,141,Positive
214,230,186,142,176,253,130,144,Positive
230,215,194,132,193,242,117,143,Positive
239,197,205,132,210,232,186,142,Positive
242,177,215,137,224,217,195,132,Positive
244,157,207,142,232,199,207,131,Positive
246,136,196,143,235,179,217,137,Positive
90,123,133,216,238,158,209,144,Positive
102,112,145,213,240,137,196,145,Positive
118,109,157,211,87,130,129,212,Positive
135,110,164,212,98,119,143,210,Positive
150,115,172,211,114,116,155,207,Positive
176,115,182,213,131,117,162,209,Positive
191,109,193,213,147,121,169,207,Positive
208,109,183,225,178,118,180,210,Positive
224,113,172,232,193,113,190,211,Positive
235,123,164,233,209,112,179,226,Positive
163,131,157,233,224,116,169,232,Positive
162,140,144,227,233,127,162,233,Positive
162,149,138,217,163,136,154,232,Positive
162,158,157,215,164,145,142,226,Positive
134,212,155,211,163,212,169,212,Positive
91,138,159,188,53,139,153,187,Negative
93,162,167,189,57,163,160,188,Negative
95,185,174,187,61,186,167,187,Negative
100,207,180,185,67,209,175,186,Negative
111,227,107,137,77,231,107,137,Negative
129,242,119,135,94,246,118,131,Negative
150,254,130,133,117,254,130,131,Negative
172,264,139,139,139,260,139,141,Negative
193,266,129,141,162,261,128,144,Negative
214,262,118,141,183,257,116,143,Negative
233,249,186,139,202,246,185,140,Negative
250,236,196,135,223,236,194,130,Negative
264,220,205,134,237,221,207,130,Negative
273,200,214,137,243,201,217,137,Negative
276,178,206,141,243,179,208,143,Negative
277,157,196,141,245,158,195,144,Negative
278,134,136,220,247,136,134,224,Negative
113,130,149,215,85,118,145,218,Negative
124,123,160,210,99,110,155,211,Negative
139,121,168,211,116,106,161,212,Negative
153,125,174,208,134,107,167,211,Negative
166,131,182,212,151,112,176,216,Negative
199,130,189,217,179,111,188,223,Negative
213,125,182,228,194,106,178,233,Negative
228,123,175,233,209,105,169,237,Negative
242,125,167,234,224,109,162,237,Negative
254,131,159,234,232,119,155,237,Negative
183,149,148,231,166,133,145,234,Negative
184,162,142,220,167,142,140,224,Negative
184,174,160,216,168,151,155,218,Negative
185,186,167,216,169,160,161,218,Negative
169,197,174,215,152,179,167,217,Negative
177,199,70,149,160,180,77,125,Negative
185,200,70,171,167,181,80,148,Negative
193,198,71,193,174,181,85,170,Negative
200,197,73,215,181,180,92,190,Negative
132,148,79,235,107,138,103,208,Negative
142,146,92,252,118,132,117,223,Negative
152,147,110,264,130,132,131,234,Negative
162,152,132,272,140,139,146,243,Negative
151,154,159,275,130,143,161,245,Negative
140,153,187,272,118,142,176,242,Negative
206,152,212,265,186,140,192,233,Negative
215,148,233,255,195,132,208,223,Negative
225,148,248,239,206,132,222,209,Negative
236,150,256,219,215,138,233,191,Negative
226,153,257,197,207,143,238,171,Negative
216,154,257,175,196,143,242,150,Negative
151,220,258,152,135,214,244,128,Negative
163,219,90,126,149,205,87,124,Negative
176,218,99,114,160,199,95,110,Negative
185,219,114,109,167,201,110,104,Negative
193,217,131,109,174,199,129,105,Negative
206,217,148,113,183,205,146,110,Negative
220,218,178,113,193,213,177,109,Negative
208,234,193,109,183,216,195,104,Negative
196,239,210,109,174,217,213,103,Negative
186,240,225,114,167,217,229,108,Negative
177,240,236,125,160,217,236,122,Negative
164,235,163,131,149,216,163,136,Negative
155,222,163,141,140,213,163,149,Negative
176,222,164,151,160,208,163,161,Negative
185,223,164,162,167,209,164,172,Negative
194,221,143,178,174,208,146,185,Negative
66,149,152,181,53,172,155,186,Negative
66,174,163,183,55,196,163,187,Negative
68,201,172,181,58,218,172,186,Negative
74,226,182,180,64,239,180,185,Negative
86,250,107,138,77,256,107,137,Negative
105,270,118,135,98,268,117,128,Negative
126,286,129,135,122,275,131,129,Negative
148,297,139,139,147,279,142,142,Negative
170,301,128,140,171,281,130,146,Negative
191,294,118,139,191,279,116,145,Negative
208,278,186,139,206,273,183,141,Negative
224,260,197,134,221,264,193,128,Negative
238,239,207,135,231,250,206,127,Negative
247,215,217,139,237,233,216,135,Negative
250,190,207,140,239,215,208,144,Negative
251,164,197,139,238,196,194,145,Negative
251,140,124,215,237,177,139,214,Negative
89,123,137,203,91,145,149,209,Negative
100,113,152,198,102,129,158,205,Negative
116,109,162,200,120,120,164,208,Negative
134,111,174,198,140,118,170,205,Negative
150,117,189,204,159,123,179,209,Negative
177,118,202,216,180,124,189,214,Negative
192,112,189,231,196,121,179,223,Negative
208,110,174,236,212,125,170,228,Negative
222,113,161,237,224,134,163,229,Negative
232,124,150,235,228,150,156,228,Negative
164,134,136,229,171,148,148,225,Negative
166,147,130,214,173,158,144,213,Negative
168,160,151,205,175,167,158,211,Negative
169,175,162,207,177,176,164,212,Negative
148,188,173,206,155,194,170,211,Negative
158,191,44,125,164,196,70,142,Negative
168,193,48,152,173,197,75,163,Negative
178,190,54,178,181,197,82,183,Negative
186,187,62,202,188,196,90,202,Negative
108,135,74,224,114,158,99,221,Negative
120,131,93,241,125,156,111,235,Negative
130,132,118,251,134,155,129,244,Negative
140,138,144,258,144,157,147,252,Negative
129,138,165,261,135,158,166,254,Negative
119,138,183,255,125,158,183,250,Negative
185,139,198,244,185,159,196,240,Negative
195,133,213,231,195,158,210,229,Negative
205,134,224,215,203,160,219,214,Negative
215,139,232,196,212,163,223,196,Negative
206,140,235,175,203,163,225,177,Negative
196,140,237,154,194,161,225,159,Negative
127,223,236,132,138,229,225,140,Negative
144,216,84,116,154,218,90,117,Negative
159,212,101,107,166,213,102,106,Negative
170,213,121,104,173,214,118,100,Negative
180,211,141,105,180,213,136,100,Negative
194,214,159,110,188,220,152,106,Negative
206,221,182,112,194,231,178,106,Negative
195,243,194,107,187,232,191,100,Negative
183,252,208,105,179,230,205,99,Negative
171,253,221,107,173,230,217,103,Negative
159,252,229,117,165,229,223,115,Negative
145,245,170,131,154,230,167,130,Negative
132,225,172,144,144,227,169,140,Negative
159,216,174,156,166,220,170,149,Negative
170,217,176,170,173,221,172,159,Negative
180,216,154,185,179,221,152,177,Negative
58,131,163,185,66,136,161,179,Negative
60,154,172,186,67,160,170,180,Negative
63,176,179,185,69,184,177,179,Negative
71,196,185,184,73,208,184,177,Negative
82,216,107,137,83,229,107,138,Negative
97,233,119,136,98,249,118,132,Negative
116,244,129,135,114,266,131,131,Negative
137,251,139,138,135,278,140,139,Negative
159,252,129,141,160,283,130,144,Negative
178,246,118,140,186,279,117,144,Negative
195,236,186,139,205,268,185,139,Negative
209,224,195,136,221,251,195,132,Negative
221,210,205,136,234,230,207,132,Negative
227,193,215,136,242,208,213,138,Negative
229,175,206,140,246,184,207,144,Negative
229,157,196,141,247,160,196,144,Negative
229,140,131,218,248,136,139,211,Negative
88,122,146,210,89,122,152,203,Negative
102,114,161,206,102,113,162,198,Negative
120,110,171,208,119,108,169,200,Negative
138,112,179,206,137,108,176,199,Negative
156,117,188,208,153,113,184,204,Negative
181,120,194,214,176,113,193,212,Negative
194,115,188,224,191,109,184,219,Negative
207,114,180,228,208,109,175,222,Negative
220,115,170,230,222,113,168,223,Negative
228,123,160,230,233,123,161,222,Negative
168,135,146,228,164,136,151,219,Negative
169,148,136,217,165,148,145,210,Negative
170,160,161,212,165,159,162,205,Negative
171,174,171,213,165,172,169,206,Negative
148,186,179,211,143,186,176,206,Negative
157,188,82,133,153,188,77,135,Negative
167,189,85,154,164,190,79,154,Negative
176,188,90,174,174,188,82,173,Negative
184,186,96,194,184,186,86,191,Negative
107,138,106,212,108,136,93,208,Negative
119,135,121,227,119,134,106,222,Negative
129,134,135,242,130,135,123,232,Negative
140,140,150,256,139,141,141,240,Negative
129,140,169,260,128,140,159,243,Negative
118,140,186,256,118,139,178,241,Negative
186,140,202,245,186,142,196,233,Negative
196,135,216,232,196,135,214,225,Negative
205,135,230,215,206,134,227,212,Negative
214,139,239,196,216,136,234,194,Negative
206,140,244,175,207,139,238,175,Negative
196,140,249,153,197,140,242,155,Negative
126,212,251,130,125,217,244,135,Negative
142,207,86,133,138,209,91,117,Negative
156,205,96,121,153,205,101,105,Negative
165,207,113,118,164,208,117,102,Negative
173,205,131,119,174,205,134,104,Negative
183,206,148,124,188,208,150,109,Negative
193,210,170,123,199,216,176,110,Negative
183,215,189,118,188,231,191,105,Negative
173,217,207,118,175,237,208,103,Negative
164,219,225,121,163,238,223,107,Negative
155,219,238,131,152,237,234,118,Negative
141,217,160,137,138,230,163,130,Negative
131,211,160,151,131,217,163,141,Negative
156,209,160,164,153,214,163,151,Negative
165,210,161,178,163,215,162,162,Negative
173,209,145,186,174,214,147,180,Negative
66,163,153,188,64,136,154,181,Negative
66,187,162,191,68,161,162,182,Negative
69,211,171,188,75,184,170,181,Negative
75,234,180,186,82,206,178,180,Negative
85,255,108,139,93,226,108,138,Negative
98,275,119,135,109,242,118,131,Negative
117,289,130,134,130,252,131,130,Negative
140,298,140,140,149,259,141,139,Negative
163,299,130,141,168,260,130,143,Negative
186,293,119,141,186,255,117,143,Negative
206,281,184,140,201,245,185,140,Negative
224,264,193,134,218,234,195,131,Negative
236,244,205,135,229,218,207,131,Negative
243,222,216,139,235,197,217,138,Negative
247,199,205,141,238,175,208,143,Negative
248,177,194,140,241,153,195,143,Negative
247,155,132,209,243,131,136,209,Negative
89,125,143,207,87,117,147,204,Negative
100,110,156,206,100,107,156,200,Negative
117,100,164,207,117,103,162,202,Negative
137,98,173,206,134,104,167,200,Negative
153,106,188,207,150,111,175,204,Negative
174,110,201,210,175,113,187,209,Negative
188,105,189,224,189,107,175,211,Negative
204,105,175,231,205,106,167,212,Negative
219,112,165,231,220,109,161,212,Negative
228,124,156,230,230,117,156,212,Negative
166,125,143,223,164,135,147,212,Negative
167,134,137,211,166,147,140,208,Negative
168,144,155,211,168,159,156,206,Negative
169,154,164,211,170,172,162,207,Negative
150,179,173,211,151,188,167,206,Negative
158,181,71,123,159,190,61,136,Negative
167,182,75,147,168,190,64,159,Negative
176,180,80,171,176,189,69,180,Negative
184,176,84,193,183,187,75,200,Negative
106,139,91,213,107,137,86,219,Negative
117,132,104,230,118,131,103,233,Negative
128,132,121,243,130,131,122,244,Negative
139,138,138,253,140,140,140,253,Negative
128,140,155,256,130,143,158,258,Negative
117,140,174,252,117,143,174,256,Negative
186,137,191,242,186,141,190,247,Negative
196,131,209,230,196,132,207,237,Negative
206,132,225,214,207,132,221,222,Negative
215,137,234,195,217,138,231,203,Negative
206,138,240,174,208,143,237,181,Negative
196,138,246,151,196,143,242,158,Negative
130,231,251,127,139,224,245,134,Negative
143,214,90,120,152,215,86,121,Negative
158,205,103,113,162,209,99,111,Negative
167,206,119,111,169,211,116,106,Negative
175,204,136,112,175,209,134,107,Negative
186,211,151,117,184,214,151,112,Negative
196,226,177,117,192,222,182,112,Negative
186,240,191,113,184,228,197,107,Negative
175,245,206,112,176,231,212,106,Negative
166,247,221,114,169,232,226,110,Negative
157,247,234,120,161,232,235,122,Negative
143,245,163,136,151,230,166,134,Negative
135,230,163,150,145,222,166,144,Negative
158,213,163,163,162,215,167,155,Negative
167,213,162,177,169,216,167,165,Negative
175,212,145,185,175,215,151,183,Negative
85,126,153,187,77,142,158,184,Negative
86,146,161,189,79,164,165,185,Negative
87,166,169,188,82,184,172,184,Negative
92,186,177,186,87,204,177,182,Negative
102,204,107,138,95,224,107,138,Negative
118,219,119,134,106,242,117,130,Negative
133,233,129,134,120,257,131,130,Negative
147,247,140,141,138,267,140,141,Negative
163,252,129,142,160,271,129,145,Negative
182,248,118,141,181,269,116,144,Negative
200,235,185,141,199,260,185,141,Negative
219,222,195,134,216,247,193,129,Negative
238,208,206,134,229,230,206,130,Negative
251,191,216,137,238,212,215,138,Negative
258,170,207,141,244,191,207,145,Negative
261,149,196,142,248,171,194,145,Negative
264,125,125,209,250,149,139,220,Negative
89,120,138,205,94,125,150,211,Negative
98,112,151,202,104,111,160,204,Negative
112,109,159,204,119,103,165,206,Negative
127,109,167,203,137,102,171,204,Negative
142,113,179,206,153,106,177,210,Negative
174,112,191,209,173,107,183,219,Negative
191,107,178,221,190,102,176,226,Negative
209,107,166,225,208,104,170,229,Negative
226,111,157,225,223,111,163,230,Negative
240,119,148,225,234,124,157,229,Negative
157,131,136,220,162,127,149,227,Negative
155,143,130,209,162,134,144,219,Negative
153,155,150,208,162,141,159,211,Negative
152,167,159,209,161,148,164,211,Negative
138,175,167,209,146,170,170,211,Negative
146,178,77,131,154,170,65,138,Negative
154,180,79,151,161,171,69,159,Negative
164,178,80,170,169,170,75,179,Negative
174,176,83,190,177,170,82,198,Negative
106,137,91,208,111,140,93,215,Negative
117,137,105,223,120,137,109,228,Negative
127,137,123,236,129,136,128,238,Negative
138,138,142,246,139,137,147,246,Negative
127,140,165,250,129,139,166,248,Negative
116,140,188,247,120,140,184,243,Negative
185,138,206,235,186,137,200,232,Negative
195,136,223,222,197,136,216,221,Negative
206,137,237,207,206,137,228,207,Negative
219,137,244,189,215,139,234,189,Negative
207,140,247,168,206,139,236,171,Negative
195,140,250,148,196,138,236,152,Negative
124,195,252,127,125,199,236,133,Negative
135,194,91,125,138,188,84,123,Negative
148,193,104,118,152,182,97,115,Negative
157,195,120,116,161,184,114,112,Negative
166,194,137,117,171,182,132,114,Negative
184,196,152,122,185,188,148,119,Negative
201,198,171,122,198,201,179,119,Negative
186,221,186,118,186,215,193,114,Negative
168,229,203,117,172,219,208,112,Negative
158,229,218,118,161,220,222,114,Negative
148,228,232,125,151,219,231,123,Negative
135,218,161,137,137,213,165,136,Negative
131,198,161,149,131,199,167,146,Negative
148,197,161,161,152,192,168,156,Negative
157,199,160,173,161,192,170,166,Negative
166,198,145,183,171,192,151,179,Negative
64,130,153,185,56,181,160,180,Negative
69,153,161,186,62,207,169,181,Negative
75,176,170,185,68,230,176,180,Negative
82,197,177,183,76,252,184,178,Negative
90,218,109,138,88,270,107,138,Negative
103,235,119,136,104,284,118,132,Negative
121,250,128,135,125,292,130,132,Negative
140,261,137,140,148,298,139,140,Negative
163,264,128,140,173,300,129,143,Negative
184,259,119,140,195,295,117,143,Negative
203,246,186,140,212,285,186,141,Negative
221,232,194,135,227,269,194,132,Negative
233,215,204,135,236,249,206,132,Negative
239,195,215,137,241,228,214,137,Negative
241,173,205,140,243,206,207,143,Negative
245,151,195,140,243,184,195,143,Negative
248,128,131,204,241,162,139,207,Negative
90,120,142,200,82,133,152,202,Negative
103,112,153,198,94,116,162,198,Negative
120,110,162,200,112,105,169,200,Negative
138,112,171,198,133,102,175,198,Negative
153,117,183,200,151,107,183,201,Negative
175,117,195,204,182,109,193,205,Negative
189,111,184,213,196,103,183,212,Negative
205,109,173,217,213,106,175,214,Negative
221,111,163,217,226,115,169,214,Negative
232,120,154,217,232,131,162,214,Negative
163,134,143,214,169,127,152,211,Negative
164,145,135,204,172,136,145,206,Negative
165,156,153,203,174,144,162,205,Negative
165,168,162,204,177,153,169,206,Negative
150,183,171,203,156,175,175,205,Negative
157,185,86,123,165,177,84,136,Negative
165,186,88,146,175,178,85,156,Negative
171,184,91,167,182,177,89,175,Negative
178,183,95,188,189,176,92,194,Negative
109,138,101,206,108,141,96,213,Negative
119,135,111,223,119,135,107,228,Negative
130,134,125,238,128,133,123,241,Negative
139,140,139,250,138,137,140,250,Negative
129,142,158,255,129,138,159,254,Negative
119,141,178,252,119,139,179,251,Negative
186,139,198,242,188,137,198,244,Negative
195,134,216,228,199,134,217,233,Negative
205,134,230,209,208,135,231,217,Negative
214,138,240,188,217,141,242,199,Negative
206,141,246,165,207,139,250,179,Negative
195,141,251,140,198,137,256,158,Negative
133,214,254,114,137,229,260,136,Negative
144,208,91,119,149,205,92,119,Negative
156,206,103,113,165,195,102,109,Negative
164,208,117,112,175,196,116,106,Negative
173,206,131,116,183,194,131,107,Negative
184,208,145,122,195,203,145,111,Negative
193,213,173,122,199,225,174,110,Negative
184,229,188,115,195,244,191,106,Negative
173,235,204,112,184,251,209,106,Negative
164,236,221,112,175,253,225,111,Negative
155,236,235,118,164,252,237,120,Negative
143,230,159,136,149,247,159,133,Negative
138,215,158,148,142,227,158,142,Negative
156,211,157,162,165,205,157,150,Negative
164,211,156,175,175,204,156,160,Negative
173,211,142,183,183,204,143,177,Negative
69,151,149,186,65,130,150,179,Negative
72,171,158,188,68,153,156,180,Negative
76,190,167,186,72,174,164,179,Negative
81,209,175,184,77,196,171,178,Negative
90,225,109,136,87,215,109,138,Negative
105,237,119,135,100,232,118,132,Negative
124,245,129,134,118,245,130,132,Negative
145,250,140,138,136,254,139,140,Negative
167,252,129,140,156,256,129,144,Negative
188,249,118,140,175,252,117,144,Negative
207,243,184,138,193,242,183,140,Negative
225,232,194,135,209,229,194,131,Negative
237,219,206,135,222,212,207,131,Negative
243,202,217,136,229,194,217,138,Negative
245,183,206,141,233,173,208,144,Negative
247,165,195,141,237,154,195,144,Negative
247,146,128,206,240,133,135,212,Negative
91,131,137,203,91,118,144,204,Negative
103,121,150,202,104,109,151,199,Negative
118,116,159,204,121,106,156,201,Negative
136,114,168,201,138,110,161,199,Negative
151,117,183,203,154,115,170,205,Negative
171,115,196,207,178,117,179,214,Negative
187,112,184,229,192,112,170,222,Negative
204,114,169,238,207,109,161,224,Negative
219,120,159,239,221,111,155,224,Negative
231,129,149,238,230,120,150,223,Negative
164,131,137,229,164,133,143,220,Negative
165,137,132,209,165,145,140,211,Negative
165,144,150,208,165,156,151,207,Negative
166,150,158,209,166,168,156,207,Negative
149,167,168,208,148,180,161,207,Negative
157,169,54,118,156,182,69,111,Negative
165,170,56,144,164,183,72,136,Negative
173,169,60,168,172,181,77,159,Negative
181,169,65,190,179,178,82,181,Negative
110,139,76,210,109,139,90,201,Negative
120,135,95,224,120,137,105,217,Negative
130,134,117,233,129,136,123,229,Negative
140,139,138,241,140,137,141,237,Negative
131,141,158,243,130,139,159,239,Negative
121,140,177,240,120,140,175,236,Negative
186,139,193,228,186,137,192,228,Negative
195,134,209,218,196,136,209,217,Negative
205,134,223,204,205,137,222,201,Negative
214,139,232,186,215,138,231,183,Negative
205,141,235,166,205,140,236,161,Negative
195,141,238,145,196,139,240,139,Negative
132,195,239,124,129,209,243,115,Negative
144,184,82,122,141,200,86,116,Negative
157,179,100,117,155,194,100,108,Negative
164,181,119,119,163,196,117,108,Negative
172,180,137,123,171,194,134,113,Negative
185,186,155,128,182,198,150,119,Negative
197,197,179,128,190,206,176,119,Negative
185,208,194,124,181,219,190,113,Negative
172,210,209,119,171,226,206,108,Negative
164,210,225,116,162,228,222,108,Negative
155,210,236,123,154,228,234,116,Negative
144,206,167,143,141,224,162,138,Negative
137,194,168,161,133,209,163,151,Negative
157,187,168,178,155,202,163,164,Negative
164,189,169,197,163,202,163,177,Negative
172,189,149,202,171,202,145,186,Negative
68,158,158,205,61,156,154,187,Negative
69,181,166,207,63,178,162,188,Negative
73,203,174,205,66,199,171,187,Negative
79,225,180,202,71,221,179,186,Negative
88,247,106,135,82,239,107,135,Negative
101,267,117,131,98,254,118,133,Negative
118,282,130,131,119,263,131,133,Negative
140,290,138,142,142,269,140,141,Negative
163,293,128,145,166,272,129,143,Negative
184,289,115,144,189,267,117,142,Negative
202,277,185,142,208,258,184,141,Negative
218,261,193,132,224,246,194,134,Negative
229,242,206,131,235,230,206,133,Negative
235,221,215,136,240,212,216,135,Negative
239,200,207,144,241,192,208,143,Negative
240,179,195,145,241,172,195,144,Negative
241,157,130,218,241,153,136,212,Negative
91,129,145,226,90,118,146,208,Negative
103,116,156,226,102,106,155,205,Negative
119,109,163,228,118,101,161,207,Negative
137,108,169,226,135,102,167,205,Negative
154,112,174,225,150,109,176,208,Negative
180,112,183,217,175,110,185,211,Negative
192,108,173,218,189,103,176,218,Negative
207,108,168,217,205,102,167,221,Negative
220,115,162,218,220,107,161,222,Negative
228,128,155,218,230,119,154,222,Negative
166,130,144,218,165,128,145,219,Negative
167,138,135,219,166,137,140,211,Negative
168,147,156,230,168,146,155,211,Negative
169,156,163,231,170,156,161,212,Negative
151,179,168,230,151,177,167,211,Negative
159,180,60,183,159,179,71,140,Negative
166,180,63,204,168,180,72,164,Negative
173,180,67,224,176,178,77,188,Negative
179,180,73,244,183,176,84,210,Negative
109,141,83,260,107,139,93,231,Negative
119,134,98,272,118,136,105,248,Negative
130,133,120,278,128,135,121,259,Negative
140,141,144,279,139,138,139,265,Negative
130,142,168,280,128,138,157,266,Negative
119,142,189,277,118,139,175,263,Negative
186,141,207,272,185,138,194,255,Negative
195,133,221,262,196,135,212,243,Negative
205,134,230,248,206,135,227,227,Negative
214,142,235,230,216,139,236,206,Negative
206,142,238,211,206,139,242,184,Negative
196,142,240,192,196,138,246,161,Negative
125,225,240,173,133,212,249,137,Negative
137,206,88,136,147,201,90,121,Negative
154,198,98,119,161,196,100,109,Negative
165,199,115,110,168,198,116,104,Negative
175,198,134,108,175,196,133,105,Negative
189,207,151,111,185,201,150,109,Negative
196,227,178,112,195,211,180,110,Negative
189,250,193,107,186,222,195,105,Negative
175,257,208,108,176,226,210,104,Negative
164,258,222,116,168,228,224,108,Negative
152,257,228,131,159,227,233,119,Negative
136,249,168,127,146,223,165,135,Negative
130,225,169,133,139,211,165,149,Negative
154,206,171,139,161,203,165,162,Negative
164,206,173,146,168,204,165,176,Negative
174,207,152,171,175,203,148,190,Negative
62,133,162,172,73,129,156,192,Negative
67,156,170,173,76,151,164,193,Negative
71,177,178,173,79,171,172,192,Negative
75,198,185,172,83,190,179,190,Negative
83,218,108,144,92,208,108,138,Negative
98,234,117,133,107,223,117,129,Negative
119,243,128,132,126,234,131,130,Negative
140,250,137,140,145,244,141,142,Negative
160,251,129,142,163,248,129,146,Negative
180,249,118,143,181,245,116,145,Negative
198,241,187,140,201,236,184,142,Negative
217,231,196,131,220,223,193,129,Negative
231,217,206,132,234,208,207,129,Negative
238,197,214,142,243,188,217,137,Negative
241,176,206,142,247,168,208,144,Negative
245,155,196,141,250,147,194,145,Negative
248,133,132,217,251,125,135,226,Negative
87,123,146,198,89,118,147,218,Negative
101,114,161,190,101,109,157,211,Negative
117,110,168,192,116,107,163,213,Negative
135,110,176,190,133,109,169,211,Negative
151,114,188,199,148,113,177,216,Negative
175,115,195,216,177,113,186,224,Negative
189,112,188,221,193,108,177,231,Negative
204,112,177,221,209,105,169,233,Negative
219,114,168,221,224,108,162,234,Negative
231,121,160,221,235,119,155,234,Negative
163,136,146,220,162,134,146,232,Negative
163,147,137,215,162,144,140,225,Negative
164,157,161,201,161,153,156,219,Negative
165,167,168,201,161,164,162,220,Negative
147,182,176,201,146,179,169,219,Negative
155,183,59,139,154,180,70,141,Negative
164,184,62,166,162,181,73,161,Negative
172,183,67,192,169,180,78,180,Negative
180,181,72,218,177,179,86,198,Negative
107,139,81,240,108,137,98,214,Negative
118,133,95,259,118,132,113,228,Negative
129,132,113,274,131,131,133,236,Negative
139,141,134,286,139,140,153,243,Negative
128,143,155,289,129,144,171,244,Negative
117,143,176,284,117,143,186,240,Negative
185,141,194,271,185,140,201,231,Negative
194,132,211,255,194,132,215,220,Negative
205,133,225,238,206,131,225,207,Negative
215,138,234,217,216,137,230,191,Negative
207,142,238,195,208,144,232,173,Negative
195,143,243,171,195,145,234,156,Negative
135,214,246,145,134,210,233,138,Negative
146,203,87,120,145,204,87,124,Negative
158,197,98,106,155,199,98,111,Negative
166,198,116,98,161,201,115,104,Negative
173,195,135,99,167,199,134,104,Negative
183,200,152,106,178,204,151,109,Negative
191,210,179,105,189,210,176,110,Negative
183,216,194,98,178,218,191,105,Negative
174,220,211,98,168,221,207,105,Negative
166,221,226,106,161,221,221,110,Negative
157,222,234,121,155,221,228,124,Negative
146,220,164,135,145,218,165,131,Negative
141,212,164,150,140,210,167,141,Negative
157,205,164,165,155,206,168,150,Negative
166,205,164,180,161,207,170,160,Negative
173,204,146,194,167,206,155,178,Negative
86,158,154,197,68,139,162,178,Negative
84,177,163,199,69,162,169,178,Negative
84,198,171,197,72,184,175,178,Negative
86,217,178,194,77,203,181,177,Negative
90,237,107,139,88,220,107,139,Negative
101,254,118,128,105,231,117,130,Negative
117,266,133,128,124,238,130,130,Negative
137,273,141,142,142,244,141,140,Negative
157,275,131,147,161,245,130,145,Negative
178,275,116,146,177,242,117,145,Negative
200,269,184,142,191,234,184,140,Negative
219,260,194,129,205,226,194,130,Negative
233,246,208,128,220,215,207,130,Negative
241,228,215,139,229,200,215,139,Negative
245,209,209,147,233,183,208,144,Negative
248,189,195,147,235,164,195,144,Negative
249,169,135,235,236,144,144,210,Negative
97,125,145,223,89,124,155,204,Negative
105,112,155,216,102,112,165,198,Negative
118,104,162,217,120,105,171,199,Negative
133,102,168,215,139,106,176,198,Negative
148,107,176,220,156,113,185,202,Negative
179,106,182,233,187,113,194,206,Negative
195,102,176,244,200,107,186,212,Negative
211,104,168,251,213,107,178,214,Negative
225,113,161,253,224,112,172,215,Negative
233,128,153,253,230,122,167,215,Negative
162,128,144,248,170,135,156,215,Negative
161,134,142,234,171,148,149,209,Negative
160,139,155,226,171,160,165,205,Negative
159,145,162,226,171,173,171,206,Negative
145,171,168,226,152,185,176,205,Negative
152,171,59,143,161,187,87,138,Negative
159,171,64,168,169,190,89,158,Negative
166,172,69,192,177,188,93,176,Negative
173,172,76,214,184,185,98,195,Negative
110,141,86,235,108,139,106,212,Negative
118,131,103,252,121,133,118,225,Negative
128,132,127,262,133,132,134,234,Negative
139,140,149,271,144,140,149,242,Negative
128,142,170,275,133,143,167,245,Negative
118,142,189,270,120,143,186,244,Negative
185,140,205,259,185,140,203,237,Negative
194,131,220,244,195,133,220,228,Negative
206,131,231,227,207,133,233,214,Negative
216,141,237,206,214,139,241,197,Negative
206,142,240,183,207,143,248,177,Negative
195,142,243,160,195,143,253,157,Negative
125,219,244,137,136,210,256,135,Negative
134,199,86,124,150,207,92,121,Negative
148,189,98,114,162,205,100,111,Negative
157,191,115,111,167,206,115,107,Negative
165,189,131,113,174,205,131,109,Negative
180,201,147,119,182,208,145,113,Negative
190,221,178,119,193,210,173,113,Negative
180,236,193,113,182,217,189,107,Negative
165,240,209,111,174,220,208,106,Negative
156,239,223,115,167,221,224,110,Negative
146,239,234,125,160,220,238,119,Negative
133,233,165,135,150,217,159,134,Negative
130,217,166,147,141,211,158,143,Negative
148,200,168,158,162,212,157,152,Negative
157,200,170,170,167,212,156,162,Negative
165,200,150,183,174,211,144,178,Negative
58,125,159,186,70,126,151,180,Negative
63,150,168,187,73,152,159,182,Negative
70,174,175,185,79,177,167,181,Negative
78,197,181,183,84,200,176,179,Negative
88,219,108,139,93,222,109,138,Negative
102,237,118,134,106,240,117,131,Negative
120,250,128,134,124,252,130,131,Negative
139,259,138,140,143,260,140,140,Negative
158,262,128,140,162,263,129,144,Negative
176,258,118,140,180,260,117,144,Negative
192,247,185,140,197,251,184,140,Negative
207,233,195,134,213,240,193,130,Negative
218,215,205,134,226,225,206,131,Negative
224,195,215,138,234,205,217,138,Negative
227,174,206,140,240,182,207,144,Negative
230,153,196,140,246,159,194,144,Negative
232,131,135,218,248,134,137,212,Negative
86,123,147,208,89,116,145,205,Negative
102,116,160,203,100,106,153,200,Negative
119,112,168,205,116,102,160,202,Negative
137,114,175,203,132,103,167,201,Negative
154,119,186,207,148,107,177,206,Negative
178,122,194,216,182,107,189,213,Negative
192,118,186,231,196,103,177,217,Negative
206,115,176,237,211,103,167,219,Negative
220,117,168,239,225,105,160,219,Negative
229,126,160,238,235,114,153,218,Negative
165,135,147,233,162,132,146,216,Negative
166,148,140,218,161,145,141,211,Negative
168,160,160,210,160,157,153,208,Negative
169,173,168,210,159,169,160,209,Negative
151,188,175,209,145,186,167,208,Negative
71,124,154,187,247,165,82,142,Neutral
73,149,162,188,248,145,82,161,Neutral
78,172,171,187,93,120,83,180,Neutral
83,193,179,185,102,109,87,198,Neutral
91,213,108,139,117,105,94,216,Neutral
103,229,118,131,134,106,105,232,Neutral
120,239,130,131,148,112,120,246,Neutral
137,247,140,142,174,112,136,257,Neutral
154,249,129,145,190,106,156,259,Neutral
172,246,116,144,207,105,176,256,Neutral
191,238,184,142,223,108,195,247,Neutral
212,230,193,130,234,120,212,235,Neutral
229,216,206,130,160,133,227,221,Neutral
240,198,217,138,160,140,237,204,Neutral
248,176,208,144,159,146,244,185,Neutral
253,154,194,144,159,154,205,131,Neutral
257,131,142,221,142,175,216,137,Neutral
90,113,150,210,150,175,207,143,Neutral
102,104,158,204,158,175,194,144,Neutral
118,100,163,205,168,175,127,211,Neutral
135,102,168,204,177,174,138,201,Neutral
151,107,176,210,108,138,150,192,Neutral
178,108,186,219,118,132,156,194,Neutral
193,102,177,225,130,132,163,192,Neutral
210,100,169,227,140,141,176,200,Neutral
225,104,163,227,129,144,189,211,Neutral
236,115,157,227,117,143,175,220,Neutral
163,134,150,226,184,141,163,225,Neutral
162,146,146,219,193,131,156,225,Neutral
161,156,158,214,148,225,193,109,Neutral
159,167,163,214,138,221,210,108,Neutral
147,184,168,213,134,210,226,112,Neutral
153,185,74,130,150,203,235,125,Neutral
160,186,77,155,156,203,163,134,Neutral
167,185,84,179,163,203,163,144,Neutral
174,184,91,201,84,132,164,154,Neutral
108,137,100,221,86,153,164,164,Neutral
118,128,114,238,90,172,147,180,Neutral
132,129,133,251,95,191,155,181,Neutral
142,141,149,262,103,209,163,181,Neutral
130,146,167,266,115,224,170,181,Neutral
116,145,185,263,129,235,178,181,Neutral
185,141,201,252,145,244,108,137,Neutral
193,128,218,239,162,247,118,130,Neutral
207,128,232,222,181,244,130,131,Neutral
217,137,241,200,199,236,139,140,Neutral
209,145,247,178,215,225,129,144,Neutral
195,146,253,153,229,211,117,143,Neutral
138,221,255,127,239,193,185,140,Neutral
147,211,88,120,244,172,195,130,Neutral
155,205,99,111,247,151,207,130,Neutral
161,207,115,108,251,129,216,136,Neutral
166,205,130,111,92,120,208,143,Neutral
174,211,146,115,102,110,195,143,Neutral
183,220,174,115,116,106,135,210,Neutral
173,225,190,110,131,108,146,203,Neutral
165,227,206,108,146,112,156,197,Neutral
159,228,222,109,175,111,162,199,Neutral
153,228,236,117,191,108,167,198,Neutral
145,226,161,138,207,106,175,204,Neutral
143,218,161,151,221,109,185,210,Neutral
155,212,161,165,233,118,174,215,Neutral
161,213,161,178,161,133,166,217,Neutral
166,212,148,191,160,145,161,217,Neutral
61,126,155,193,160,156,155,217,Neutral
65,153,162,194,160,168,146,215,Neutral
71,177,169,193,147,182,140,208,Neutral
78,200,175,192,153,183,156,203,Neutral
89,219,108,137,160,184,161,204,Neutral
106,234,118,129,167,184,167,204,Neutral
127,242,131,130,174,183,82,146,Neutral
149,249,139,142,109,138,86,169,Neutral
168,250,129,145,118,132,89,190,Neutral
186,248,116,144,129,132,93,212,Neutral
203,240,185,142,139,140,102,229,Neutral
220,229,193,130,129,143,116,241,Neutral
233,213,206,129,118,143,133,248,Neutral
239,193,215,138,185,140,149,253,Neutral
242,171,208,144,195,133,167,255,Neutral
246,148,195,145,206,133,185,253,Neutral
249,124,140,223,215,138,203,245,Neutral
83,120,149,217,207,143,220,236,Neutral
97,111,157,213,195,143,236,223,Neutral
114,109,163,215,135,209,245,204,Neutral
132,111,169,213,145,203,249,183,Neutral
149,117,178,217,154,197,253,161,Neutral
180,117,189,222,160,199,256,138,Neutral
194,111,180,231,166,198,90,129,Neutral
209,109,171,236,176,204,98,116,Neutral
224,110,164,237,187,211,112,111,Neutral
235,118,158,236,176,218,127,111,Neutral
165,140,149,232,166,219,142,116,Neutral
166,156,145,222,159,218,174,115,Neutral
167,173,157,220,152,217,189,110,Neutral
169,190,164,220,144,215,207,109,Neutral
153,195,170,220,140,209,223,114,Neutral
160,198,76,136,153,205,235,124,Neutral
168,200,78,156,159,206,159,134,Neutral
174,198,81,175,166,206,158,146,Neutral
181,195,85,195,74,135,157,158,Neutral
107,139,91,214,76,156,155,170,Neutral
117,132,104,228,80,175,144,181,Neutral
131,132,123,239,84,194,151,183,Neutral
142,142,143,248,92,212,157,184,Neutral
130,146,164,250,104,227,165,183,Neutral
116,146,186,248,120,239,173,181,Neutral
183,142,206,239,139,247,109,139,Neutral
193,132,224,229,158,252,118,132,Neutral
206,132,240,215,177,249,129,132,Neutral
215,139,250,198,194,242,138,140,Neutral
207,146,254,178,210,231,128,142,Neutral
194,146,257,158,221,215,117,142,Neutral
147,221,259,138,228,196,184,140,Neutral
156,218,89,116,234,176,194,132,Neutral
163,215,101,106,239,156,205,132,Neutral
168,217,116,102,241,134,215,139,Neutral
172,215,133,104,88,125,206,141,Neutral
178,218,149,109,99,114,194,142,Neutral
185,220,175,108,115,109,133,207,Neutral
179,223,191,103,132,110,143,202,Neutral
173,224,209,103,148,114,153,198,Neutral
168,224,224,107,176,113,160,200,Neutral
163,224,237,117,178,202,167,198,Neutral
156,223,161,128,193,206,161,216,Neutral
152,221,161,134,180,213,153,215,Neutral
163,221,160,140,169,216,144,213,Neutral
168,222,159,147,153,204,137,206,Neutral
172,221,148,171,160,204,167,204,Neutral
254,132,140,220,155,171,71,153,Neutral
86,120,151,215,161,170,72,175,Neutral
95,106,160,210,167,170,76,195,Neutral
111,100,166,212,174,170,81,216,Neutral
129,101,172,210,107,137,91,234,Neutral
146,105,181,214,117,132,104,248,Neutral
174,105,191,219,129,132,122,258,Neutral
191,99,181,228,141,140,142,264,Neutral
210,99,173,231,129,144,161,267,Neutral
227,105,166,232,116,144,179,264,Neutral
237,119,159,232,184,140,198,257,Neutral
161,133,150,229,194,132,215,248,Neutral
161,148,145,219,207,132,228,233,Neutral
161,162,160,216,218,137,236,216,Neutral
162,177,166,217,208,144,239,196,Neutral
148,193,172,216,195,145,243,175,Neutral
155,196,50,126,136,204,245,154,Neutral
163,198,52,151,147,196,88,123,Neutral
171,195,55,175,156,189,98,108,Neutral
178,193,63,198,161,190,113,99,Neutral
107,137,77,218,167,189,131,98,Neutral
117,128,96,235,177,196,149,101,Neutral
131,128,117,247,189,205,181,102,Neutral
141,141,138,256,177,209,196,98,Neutral
130,146,157,258,168,210,213,98,Neutral
115,145,174,254,162,210,227,107,Neutral
183,141,190,243,156,210,234,123,Neutral
192,128,207,230,148,208,163,130,Neutral
207,128,221,215,141,203,163,139,Neutral
218,137,230,197,156,198,162,148,Neutral
209,145,233,176,161,198,162,158,Neutral
194,146,234,155,167,198,148,179,Neutral
140,232,235,134,66,134,156,180,Neutral
148,222,83,120,71,158,163,180,Neutral
158,216,99,111,78,180,170,180,Neutral
163,218,117,108,85,201,177,179,Neutral
169,215,135,111,95,221,108,140,Neutral
181,222,153,116,108,239,117,129,Neutral
191,230,184,117,126,253,130,129,Neutral
182,241,198,113,145,262,140,140,Neutral
172,246,212,110,166,263,130,145,Neutral
166,246,225,111,187,259,117,145,Neutral
159,246,232,121,206,249,184,140,Neutral
150,242,169,138,222,234,193,128,Neutral
146,232,170,152,234,215,207,129,Neutral
158,229,172,166,244,196,215,140,Neutral
164,229,173,180,249,175,208,145,Neutral
170,228,153,193,253,153,194,145,Neutral
66,127,161,194,255,130,138,220,Neutral
72,152,170,194,86,119,147,207,Neutral
79,174,176,194,98,111,157,199,Neutral
87,195,183,192,115,109,163,201,Neutral
96,216,106,137,132,111,168,199,Neutral
109,233,117,131,149,114,178,207,Neutral
127,247,130,131,176,115,186,220,Neutral
144,257,140,141,192,112,178,227,Neutral
161,260,129,144,209,110,170,229,Neutral
177,256,116,143,225,112,163,229,Neutral
193,245,187,141,237,120,156,229,Neutral
209,232,194,132,162,135,147,226,Neutral
222,216,206,131,163,146,143,217,Neutral
229,195,215,137,163,157,156,209,Neutral
233,172,207,143,164,169,163,209,Neutral
237,149,196,143,151,185,168,209,Neutral
239,125,131,218,158,185,64,132,Neutral
86,122,147,217,164,185,68,155,Neutral
100,116,160,215,171,185,73,177,Neutral
117,117,166,217,177,185,80,198,Neutral
133,121,172,215,106,137,90,216,Neutral
149,126,181,216,117,131,105,231,Neutral
183,126,191,217,130,130,123,241,Neutral
195,120,181,221,140,140,141,249,Neutral
209,114,173,224,129,145,160,251,Neutral
223,114,167,225,116,144,178,248,Neutral
232,122,160,226,185,140,195,240,Neutral
165,140,147,224,194,131,213,230,Neutral
165,153,136,218,207,131,225,215,Neutral
166,165,160,220,218,137,231,196,Neutral
167,178,166,221,209,144,234,174,Neutral
151,191,172,220,195,145,237,153,Neutral
159,192,64,133,140,218,238,132,Neutral
166,194,66,158,149,209,86,118,Neutral
172,192,69,181,158,204,100,108,Neutral
179,190,74,204,165,205,117,104,Neutral
107,138,82,225,171,204,136,105,Neutral
117,132,95,243,179,209,154,110,Neutral
129,132,115,256,187,218,179,110,Neutral
139,142,137,265,179,226,193,104,Neutral
128,144,159,268,171,229,209,102,Neutral
116,143,180,265,164,230,224,106,Neutral
185,142,201,256,156,230,232,118,Neutral
193,132,222,244,148,227,166,133,Neutral
205,131,236,226,145,217,167,145,Neutral
214,136,243,204,158,211,168,157,Neutral
207,142,247,181,164,211,169,169,Neutral
195,144,252,157,171,211,151,185,Neutral
140,227,255,133,62,136,159,186,Neutral
149,219,86,119,63,162,167,187,Neutral
159,214,98,108,67,186,174,186,Neutral
166,216,114,103,73,210,181,185,Neutral
171,214,131,104,84,231,107,138,Neutral
178,218,147,109,97,248,118,132,Neutral
185,224,179,110,114,260,131,131,Neutral
178,231,194,104,133,268,140,140,Neutral
171,234,211,103,152,269,130,145,Neutral
165,235,227,107,171,266,116,145,Neutral
158,235,238,118,188,256,185,140,Neutral
148,233,163,133,206,244,194,131,Neutral
145,225,163,144,221,227,206,130,Neutral
159,219,163,154,231,207,215,136,Neutral
165,219,163,165,237,185,208,144,Neutral
171,218,148,184,243,161,195,145,Neutral
72,140,155,185,248,137,141,216,Neutral
74,162,163,185,86,125,152,210,Neutral
78,184,169,185,96,110,161,205,Neutral
84,205,176,184,113,102,167,207,Neutral
91,225,108,138,131,101,172,205,Neutral
103,242,118,130,150,105,179,210,Neutral
122,253,130,130,180,105,187,215,Neutral
143,260,140,140,197,101,178,221,Neutral
166,263,129,143,214,101,172,224,Neutral
187,261,116,143,229,109,166,224,Neutral
208,253,185,140,237,124,159,224,Neutral
225,241,194,130,164,134,151,222,Neutral
236,225,207,130,163,149,146,215,Neutral
244,205,217,138,163,162,161,213,Neutral
248,184,208,143,163,176,167,213,Neutral
251,163,195,144,146,189,172,213,Neutral
252,142,132,222,153,193,73,136,Neutral
90,120,144,211,161,195,76,157,Neutral
101,109,155,204,169,193,81,177,Neutral
115,104,162,206,176,190,87,196,Neutral
132,103,169,204,107,139,95,215,Neutral
147,108,178,210,117,128,108,229,Neutral
180,110,189,220,131,128,126,238,Neutral
195,104,179,227,141,141,144,244,Neutral
211,104,169,229,130,146,163,247,Neutral
225,109,162,230,115,146,183,245,Neutral
234,120,154,230,184,141,200,238,Neutral
163,130,144,229,193,128,218,228,Neutral
163,139,138,221,207,128,229,214,Neutral
163,147,155,213,216,138,234,195,Neutral
164,156,162,213,208,146,237,175,Neutral
149,174,169,212,194,146,240,155,Neutral
156,175,57,121,135,227,242,134,Neutral
164,176,59,146,145,220,91,115,Neutral
171,175,64,169,154,216,103,107,Neutral
178,174,70,191,159,218,118,104,Neutral
108,138,80,211,164,216,133,106,Neutral
118,133,97,226,171,220,148,112,Neutral
129,132,118,235,179,226,174,112,Neutral
138,138,140,243,170,232,189,106,Neutral
129,142,161,244,164,234,204,105,Neutral
117,142,180,242,158,235,218,108,Neutral
186,138,198,235,152,235,229,117,Neutral
195,132,216,225,144,233,161,134,Neutral
206,133,230,210,139,225,161,143,Neutral
216,138,239,189,153,223,161,153,Neutral
207,143,243,167,159,223,162,163,Neutral
196,142,246,144,164,223,149,180,Neutral
136,210,247,120,74,151,156,181,Neutral
146,198,82,120,78,172,163,182,Neutral
156,191,98,113,83,193,170,181,Neutral
163,192,116,114,89,214,178,179,Neutral
170,191,132,118,96,233,107,138,Neutral
180,199,148,124,108,248,117,129,Neutral
190,211,181,125,127,259,130,129,Neutral
181,217,195,120,146,265,140,140,Neutral
171,218,210,115,167,267,129,144,Neutral
164,218,225,113,188,265,116,144,Neutral
156,218,238,119,208,258,184,140,Neutral
146,216,166,142,226,247,193,129,Neutral
142,208,167,159,239,232,206,129,Neutral
156,201,167,175,247,214,215,138,Neutral
163,201,168,191,252,193,207,144,Neutral
170,201,150,196,256,172,194,144,Neutral
74,123,158,199,260,150,137,210,Neutral
77,147,166,201,90,117,149,205,Neutral
82,170,174,199,100,104,159,199,Neutral
88,192,180,195,115,97,165,201,Neutral
98,213,108,136,132,99,170,199,Neutral
114,229,118,130,147,107,179,204,Neutral
132,241,131,131,175,107,191,210,Neutral
150,251,140,143,191,99,180,215,Neutral
168,253,129,146,209,98,170,217,Neutral
186,250,116,144,225,104,165,218,Neutral
205,239,184,142,237,116,159,218,Neutral
223,225,193,130,161,134,149,216,Neutral
238,207,206,129,160,145,142,210,Neutral
249,187,215,135,160,155,159,207,Neutral
257,165,207,144,159,165,165,207,Neutral
262,141,195,145,148,185,170,207,Neutral
265,116,136,218,154,186,67,126,Neutral
88,115,149,219,161,186,70,151,Neutral
99,107,158,217,168,186,75,174,Neutral
114,106,165,218,175,185,81,197,Neutral
130,109,171,217,109,138,89,218,Neutral
145,114,178,217,118,129,102,236,Neutral
173,113,187,215,131,129,120,250,Neutral
190,109,179,219,140,142,139,260,Neutral
207,106,172,219,130,146,158,264,Neutral
224,108,165,220,117,145,178,262,Neutral
238,115,158,220,185,141,198,253,Neutral
160,137,148,220,193,129,217,240,Neutral
160,149,141,217,206,129,230,222,Neutral
160,162,158,220,216,137,239,200,Neutral
160,174,165,221,208,144,246,177,Neutral
147,187,170,219,195,145,252,154,Neutral
154,189,53,139,140,219,256,128,Neutral
161,190,58,165,149,209,86,125,Neutral
168,189,63,192,157,203,99,115,Neutral
175,188,71,216,163,205,115,111,Neutral
109,136,84,238,169,203,133,112,Neutral
119,131,101,254,178,209,151,115,Neutral
132,131,123,265,190,218,177,116,Neutral
140,141,146,273,178,220,194,112,Neutral
130,145,168,275,170,221,211,111,Neutral
117,144,188,269,164,221,227,113,Neutral
184,141,206,258,157,221,239,124,Neutral
194,131,223,243,150,221,163,135,Neutral
207,130,234,224,145,218,162,145,Neutral
217,136,240,202,158,212,162,155,Neutral
209,144,243,179,163,213,161,166,Neutral
195,145,247,156,169,212,147,182,Neutral
139,218,250,132,65,128,154,183,Neutral
147,213,87,120,70,153,161,184,Neutral
155,210,100,108,76,175,169,183,Neutral
161,213,118,102,84,197,175,182,Neutral
167,210,137,104,94,217,108,138,Neutral
177,214,155,109,109,233,118,130,Neutral
188,218,176,112,128,245,131,130,Neutral
178,226,192,106,147,254,141,141,Neutral
168,230,209,105,164,258,130,145,Neutral
162,230,226,111,180,254,117,144,Neutral
155,229,236,126,198,243,184,141,Neutral
147,226,165,133,216,230,193,129,Neutral
143,218,167,144,230,213,206,129,Neutral
155,217,168,155,237,192,216,137,Neutral
162,218,170,166,243,170,208,144,Neutral
168,217,154,186,248,148,194,144,Neutral
74,133,161,186,252,125,134,218,Neutral
77,157,168,187,86,121,144,209,Neutral
82,181,175,186,98,111,154,202,Neutral
88,203,181,185,115,107,160,204,Neutral
96,223,109,139,133,110,166,202,Neutral
109,240,119,132,150,116,176,209,Neutral
128,249,131,131,178,117,186,219,Neutral
146,257,140,141,193,112,175,231,Neutral
166,260,130,145,209,109,166,234,Neutral
186,257,118,145,225,111,159,235,Neutral
204,250,187,141,237,121,153,234,Neutral
222,239,195,132,164,137,144,230,Neutral
235,222,207,132,164,148,140,217,Neutral
245,202,216,139,164,160,154,208,Neutral
252,179,208,144,165,171,160,209,Neutral
258,155,196,145,150,187,166,209,Neutral
261,129,143,226,157,188,72,135,Neutral
90,120,155,215,164,189,76,159,Neutral
100,109,164,207,172,188,84,182,Neutral
116,106,170,208,179,187,92,204,Neutral
133,108,176,206,108,137,103,224,Neutral
149,114,184,214,118,129,117,242,Neutral
172,113,191,226,132,130,134,259,Neutral
188,107,185,235,141,142,152,273,Neutral
206,104,177,238,130,146,171,276,Neutral
224,107,171,238,116,145,190,272,Neutral
238,117,164,237,184,142,208,259,Neutral
161,137,155,234,193,130,223,243,Neutral
161,147,150,224,206,129,235,223,Neutral
161,156,164,216,216,137,243,203,Neutral
161,167,170,216,208,145,248,180,Neutral
146,186,176,216,194,146,252,157,Neutral